rsID,chromosome,position,status,neighbors_examined,neighbors_used_SAS,mean_abs_r2_difference_SAS,max_abs_r2_difference_SAS,neighbors_used_EAS,mean_abs_r2_difference_EAS,max_abs_r2_difference_EAS,discordance_SAS,discordance_EAS
rs2820426,1,219660535,ok,585,583,0.06950252995336191,0.2943598058930668,463,0.16233074355316343,0.6461744797194126,0.6104982206405695,0.1327874688501246
rs7545659,1,165065993,ok,545,542,0.032172828640816754,0.37059761317712325,379,0.037184762541731024,0.27788523702343854,0.2763345195729537,0.2616589533641865
rs581864,1,84504420,ok,358,353,0.0815052534714044,0.5683211573695489,265,0.1817752978915092,0.5799342079967257,0.2008896797153024,0.266998932004272
rs4396169,1,205768309,ok,486,483,0.09314631077225412,0.44976058996310575,291,0.2567693713782827,0.8950926577799401,0.088612099644128,0.3120327518689926
rs523634,1,4407985,ok,903,901,0.0307567022387725,0.2574293071434952,781,0.08262698696504059,0.5456576508032523,0.5206405693950178,0.1069775720897116
rs1539441,1,118224598,ok,560,556,0.01985972267737396,0.5069749183411273,536,0.05507870778934004,0.518255475249099,0.3909252669039146,0.6575293698825205
rs3893032,1,225656388,ok,490,484,0.05299451045017337,0.36935809805491315,439,0.10184694703640226,0.4252311012405388,0.6498220640569394,0.4227483090067639
rs12130585,1,96166118,ok,434,399,0.026369199242710886,0.29167678313694045,373,0.0770734416111243,0.7147031897913283,0.1163701067615659,0.7312210751156996
rs7417520,1,84149290,ok,662,656,0.030736220135399048,0.4125304516658287,535,0.0587333898217994,0.6261717038362534,0.0759786476868327,0.8814524741901032
rs7534836,1,196105786,ok,682,679,0.06784485830970015,0.35253380983311466,469,0.17566234907595282,0.6769810057441558,0.4366548042704626,0.1140975436098254
rs3887559,1,226317841,ok,366,365,0.07555784584697177,0.40452710530965985,295,0.07665429671452535,0.48932248973326253,0.2024911032028469,0.314880740477038
rs3000858,1,12777320,ok,828,827,0.025944592028623658,0.5681621445727417,684,0.031930180466858575,0.21724424657931807,0.1855871886120997,0.3034887860448557
rs534041,1,70952232,ok,591,584,0.021876117083627588,0.15571784030363417,524,0.04185438631382242,0.2798035417576484,0.1587188612099644,0.0833036667853328
rs6429280,1,241726713,ok,531,527,0.015568870777437745,0.3347548605595524,475,0.019572173808067334,0.264879107101666,0.3241992882562278,0.2742969028123887
rs11163296,1,81911989,ok,752,745,0.02745387113765357,0.304826237118298,554,0.04957138820903949,0.5176163927177149,0.2033807829181494,0.0649697401210395
rs1383645,1,238420103,ok,809,807,0.04950656351488596,0.383490423057231,610,0.06989428155302568,0.543684490207589,0.2113879003558718,0.0562477750088999
rs2447945,1,112266592,ok,610,610,0.02401919804918792,0.19850102051624646,0,,,0.0275800711743772,0.3837664649341402
rs7513752,1,216229453,ok,533,532,0.013413001319901996,0.15759618568055744,438,0.018597556136905665,0.27701530917655615,0.8270462633451957,0.0019579921680313
rs10494417,1,164447438,ok,426,420,0.025829576051327196,0.25764953699420795,366,0.03478547874528843,0.30642118387229866,0.2357651245551602,0.2613029547881808
rs115904230,1,177909659,ok,678,677,0.012964029584313527,0.393304893649074,581,0.04426651035884466,0.6932481930178448,0.1556939501779359,0.2694909220363118
rs202248,1,167972023,ok,259,256,0.051992870155058865,0.18675734234359725,118,0.06275807855293242,0.320282237517063,0.3838078291814947,0.1655393378426486
rs558189,1,28533025,ok,323,323,0.10763635168942108,0.6576357579544246,209,0.05576445449333326,0.17722087769060085,0.85,0.0357778568885724
rs1591635,1,103587718,ok,879,876,0.1141320495886151,0.43093495664713377,588,0.15486696830744676,0.4571371538105023,0.5597864768683274,0.6224635101459595
rs10494849,1,204144127,ok,526,524,0.023108069788461173,0.515387644844154,411,0.022246279651164814,0.34944406962000224,0.0907473309608541,0.4935920256318974
rs9970167,1,177759149,ok,557,555,0.03453610765174676,0.440483977171568,493,0.02576160605334456,0.3333663180485623,0.0715302491103202,0.286934852260591
rs6686960,1,165190876,ok,557,556,0.014301541240791329,0.09585149856112243,413,0.034917943522431216,0.4322790691472387,0.4562277580071174,0.4611961552153791
rs9439519,1,5364634,ok,811,805,0.02404719764324778,0.4733147482476866,666,0.045360574653890824,0.4610327913750391,0.4457295373665481,0.0288358846564613
rs10803244,1,244908049,ok,522,520,0.022481397497923626,0.2749552878080609,399,0.034529471396007635,0.47669797644313966,0.1227758007117437,0.0414738341046635
rs10494305,1,156400060,ok,313,309,0.006711512415392966,0.15974968244615786,237,0.023042043297949184,0.1994060329971088,0.3327402135231316,0.3949804200783197
rs12565340,1,241978738,ok,747,744,0.028517108108197256,0.41335678854415064,603,0.042779943019846424,0.6592150072683836,0.7811387900355873,0.1854752580989676
rs3027012,1,159174123,ok,410,408,0.049795240927578,0.38094056538898097,308,0.1318798804696058,0.9445754711334933,0.195729537366548,0.2682449270202919
rs11265394,1,160400266,ok,428,398,0.07106193526376482,0.32443467496782374,370,0.0919493081544224,0.47086263127084027,0.2177935943060498,0.4951940192239231
rs811461,1,42360713,ok,368,363,0.05587775965493398,0.2966860052043705,235,0.15681041748486593,0.5608382946255589,0.6786476868327402,0.5774296902812389
rs2992764,1,18804144,ok,704,695,0.040097283060818424,0.3570481941026943,604,0.06021737810314388,0.5920201877855752,0.2834519572953737,0.7459950160199359
rs1869970,1,2829551,ok,625,608,0.0261857468223832,0.43243152565277987,549,0.0408657358528498,0.5753977304817982,0.0005338078291814,0.4325382698469205
rs4950978,1,205024573,ok,571,568,0.07074824926187147,0.36594820207096335,426,0.13340948337543387,0.7503408657478485,0.0491103202846975,0.2459950160199359
rs483296,1,10745123,ok,410,394,0.0506463812048954,0.2697203684978569,335,0.0729823187562875,0.8765826118386317,0.1505338078291815,0.389818440726237
rs10779702,1,8423510,ok,382,380,0.06854435658920434,0.4119633680518633,346,0.08458808091952294,0.5040339780469762,0.2667259786476869,0.3127447490210039
rs574635,1,207064391,ok,342,339,0.04468169237761716,0.27202392154143534,297,0.12994286502643604,0.7347036266938067,0.6256227758007118,0.0160199359202564
rs6681392,1,154796712,ok,513,512,0.022485065675496668,0.5444014577256767,378,0.033717248282667436,0.5902380540114085,0.1119217081850533,0.0674617301530794
rs9970847,1,184323468,ok,504,500,0.04154154020684744,0.2592527274356856,341,0.09928104682068298,0.5320745130906062,0.4396797153024911,0.7926308294766821
rs6699397,1,91212216,ok,553,551,0.03538757091349545,0.18790702624774921,456,0.054373899807282515,0.36412386721929835,0.0499999999999999,0.7639729441082236
rs12122778,1,23816374,ok,451,451,0.038659127936362614,0.5642386372519818,0,,,0.3793594306049822,0.2079031683873264
rs12726051,1,233664671,ok,738,737,0.03308052366027335,0.39944168357616583,631,0.05227514529787382,0.732578013215992,0.4087188612099643,0.4736561053755784
rs6690979,1,80376527,ok,773,770,0.10700610709790186,0.4654986124688978,748,0.15062923855483107,0.6113628018813173,0.4656583629893238,0.3661445354218583
rs11579645,1,177427460,ok,535,534,0.02714067154617985,0.21924149738642063,496,0.059901861197663504,0.5398283903543685,0.09288256227758,0.0799216803132787
rs284161,1,92269982,ok,587,586,0.03778917959465017,0.22112597433763448,505,0.10908556608661601,0.42301897526491816,0.7016014234875444,0.3659665361338554
rs12035365,1,162011481,ok,605,605,0.03226297103447814,0.13186963203291005,519,0.03721612637193713,0.3099146051828522,0.399288256227758,0.2627269490922037
rs7532704,1,217971980,ok,622,616,0.07994238415379325,0.2711470230259322,439,0.1474212058483131,0.4911835991181942,0.2683274021352312,0.1466714133143467
rs2755263,1,67529243,ok,597,596,0.0899995569925729,0.2998854109167556,545,0.1120902323584289,0.6631002544049908,0.3346975088967971,0.0790316838732645
rs6747216,2,183449785,ok,697,694,0.030200773353946324,0.34219968274370843,523,0.06014816796056428,0.6964655880857971,0.3215302491103203,0.6698113207547169
rs17041868,2,111894720,ok,474,470,0.026663892524036992,0.3695672539857196,372,0.048381003140989844,0.8156063805104711,0.9544483985765124,0.0331078675685297
rs2940787,2,28663333,ok,572,572,0.017662837404364924,0.32277013309320357,416,0.025714571034247673,0.6115544242608815,0.3539145907473309,0.6982912068351727
rs4853945,2,2369979,ok,446,446,0.08608411708202446,0.5275058995234954,338,0.1420448005621418,0.7093553621786437,0.4556939501779359,0.1489854040583837
rs13396091,2,146371961,ok,493,492,0.037912398604175314,0.2733952057757527,417,0.09203596239749536,0.5730655360381951,0.5212633451957296,0.7459060163759346
rs12619775,2,40336210,ok,754,750,0.044606266553690925,0.3454171536412769,562,0.08012196022961478,0.5046270226727028,0.3327402135231316,0.135813456746173
rs7587505,2,236958688,ok,422,422,0.0159011752726287,0.1408466001298047,330,0.032591426239271075,0.440934472567079,0.551067615658363,0.0697757208971164
rs6430748,2,138619715,ok,499,485,0.14688534908377787,0.6394681999794196,438,0.09516617741069855,0.5661128764115004,0.6190391459074733,0.730687077251691
rs11892209,2,11255065,ok,647,602,0.0217153889706267,0.5987601428977418,449,0.03751789443972832,0.64366216538417,0.2950177935943061,0.3558205767176932
rs1518367,2,198807015,ok,329,328,0.06253489596673743,0.26891462063926264,304,0.11972782190606503,0.3033163143366209,0.2631672597864768,0.477750088999644
rs11886268,2,202787122,ok,436,413,0.025554008894808387,0.6238402396607554,313,0.03121034517468027,0.6653119158082251,0.4784697508896797,0.272872908508366
rs10931436,2,190816324,ok,317,317,0.04528165498187344,0.19598516487576811,278,0.10704309715069116,0.6932924095547482,0.5802491103202847,0.2497330010679957
rs16858188,2,197660966,ok,277,272,0.06866016501491139,0.7337829517672648,227,0.10652120236657264,0.4201561785199618,0.2578291814946618,0.2981488074047703
rs17029437,2,65022139,ok,515,496,0.020133881642097264,0.4326700089588688,466,0.023355177504006966,0.470272748971937,0.1409252669039146,0.2799928800284799
rs17456935,2,11164324,ok,672,671,0.03875933866890473,0.3140456747754153,506,0.0925066599527149,0.8282614350464894,0.1017793594306049,0.0738697045211819
rs4672676,2,214001948,ok,539,539,0.08604000495724212,0.5110928696522724,376,0.1860002385749019,0.8783780936940218,0.3341637010676156,0.3476326094695621
rs12621778,2,212191157,ok,486,484,0.07249220684740448,0.41835964264531067,415,0.0827102263397339,0.7006267253881165,0.4396797153024911,0.1936632253470986
rs11886291,2,41215745,ok,657,655,0.02866566933375154,0.4238378758191862,582,0.028433615363136173,0.5793692178080702,0.4245551601423487,0.0644357422570309
rs2056634,2,7383237,ok,542,541,0.03859519766479843,0.4615453307487484,472,0.10430920499192159,0.7041982821801058,0.4017793594306049,0.0583837664649341
rs12622667,2,149520186,ok,435,430,0.05919193573971025,0.6762860971917269,370,0.19915657087519656,0.6140963405123631,0.0343416370106761,0.0338198647205412
rs4972524,2,173868556,ok,536,532,0.024725812798789742,0.3696229972530129,404,0.03307024342424957,0.7198879827155458,0.0032028469750889,0.0863296546813812
rs17501197,2,71303274,ok,802,802,0.05046177935548601,0.6110476944587033,0,,,0.4398576512455515,0.3883944464222143
rs10211048,2,28411026,ok,515,513,0.12800573943833507,0.5666860072118769,208,0.2351125433895301,0.7593569932564064,0.2991103202846975,0.0416518333926664
rs6708842,2,171465659,ok,614,610,0.02210239989792041,0.39931104024735,543,0.013293160376854895,0.25277187465994666,0.4170818505338077,0.2753648985404058
rs1056104,2,39008949,ok,383,381,0.03260450914102738,0.31145054474195144,283,0.04275264143870239,0.2317449925779544,0.0306049822064056,0.1799572801708793
rs5018486,2,6087070,ok,638,637,0.043147690717803215,0.40320566920912304,489,0.1024197345016066,0.7458389027856638,0.100355871886121,0.2089711641153435
rs16840302,2,138853971,ok,396,390,0.006842561143140635,0.16125555462347532,298,0.037033068274425845,0.307244141400903,0.397153024911032,0.344250622997508
rs10167352,2,58099420,ok,376,376,0.058520699489813616,0.37509381378015455,350,0.08856907230617644,0.43783519013308264,0.593238434163701,0.3928444286222855
rs6739772,2,241840711,ok,715,714,0.07102456145998816,0.3948337304596646,586,0.11177485521693545,0.7190518923557756,0.1887900355871886,0.1725703097187611
rs305175,2,36364164,ok,584,581,0.03799176702522246,0.29958510218456047,457,0.048168979530505654,0.3839924302461202,0.3231316725978648,0.0334638661445353
rs4365431,2,168786418,ok,478,475,0.04555946526155196,0.2440311922637191,355,0.10578987135827865,0.7103001075142633,0.0355871886120996,0.239943040227839
rs4141635,2,179284012,ok,422,381,0.028302513448721766,0.3169871199140201,349,0.03822587585770772,0.5357960584350138,0.1523131672597865,0.3405126379494482
rs13423988,2,68911266,ok,636,636,0.036987879099367064,0.23848549492415638,499,0.11397300749042778,0.5541910397191696,0.3871886120996441,0.2933428266286935
rs16984966,2,18603611,ok,744,743,0.05720058901750143,0.4450835748383029,619,0.088356240924178,0.5733351152158077,0.3530249110320285,0.6778212887148451
rs11898938,2,235428610,ok,819,819,0.023526187162298373,0.5126007799272255,649,0.029779083523866223,0.33770830433844634,0.042526690391459,0.242435030259879
rs1529120,2,181063192,ok,645,644,0.05181817438458629,0.37220757015875516,465,0.07537964516925005,0.7408087646029937,0.4128113879003559,0.080811676753293
rs4425079,2,88816042,ok,468,465,0.02868201441081869,0.27426278787302805,409,0.06191671481726629,0.3942472473596244,0.3768683274021353,0.2123531505873976
rs305691,2,163629467,ok,492,490,0.0907519561979711,0.30245787142276553,376,0.1622051131097927,0.5489546344740026,0.2572953736654804,0.5590957636169456
rs1033328,2,159124425,ok,796,780,0.08004869146733888,0.36749850769294157,664,0.12863197838384727,0.4978960716723878,0.0115658362989323,0.2232111071555713
rs7607714,2,242176549,ok,486,479,0.07731379058903633,0.4608450058662714,437,0.06778709123836898,0.7661197820284167,0.2181494661921708,0.3155927376290494
rs11123406,2,111950541,ok,463,457,0.05025449360700315,0.2976984068002804,359,0.08761115893700251,0.4224798706983706,0.1117437722419928,0.6724813100747598
rs2438012,2,128709520,ok,344,340,0.08694988379143337,0.3238236525791237,297,0.09775647804638629,0.4259662048769056,0.7362099644128114,0.2860448558205767
rs6748782,2,211541064,ok,542,542,0.05395386825269987,0.5375259564971266,420,0.028394949964098172,0.3533779590826675,0.355693950177936,0.2721609113563545
rs1181389,2,204574890,ok,375,343,0.045763523368943425,0.4443218199388648,286,0.13017096121188967,0.6511202574670121,0.8761565836298932,0.5971876112495551
rs10804410,2,241586879,ok,785,781,0.02676938879147511,0.35523042724898907,646,0.07896032611182888,0.7246014242709773,0.0370106761565836,0.9033463866144535
rs1121728,2,139820383,ok,671,664,0.027837999307066673,0.23863643446916183,512,0.04583044254073252,0.28093992240895843,0.0192170818505338,0.1258454966180135
rs11680066,2,171566925,ok,588,587,0.010906201133883832,0.30225988375530105,524,0.017788390321109866,0.608146449723403,0.0576512455516014,0.6783552865788537
rs11688578,2,66784219,ok,616,615,0.026676027516587156,0.5952138721191269,499,0.034149887738415007,0.35501815339399745,0.3782918149466192,0.2712709149163403
rs12052651,2,222547482,ok,313,312,0.009377833720479428,0.39289663326123153,256,0.03925729957460084,0.5074421551890079,0.1588967971530249,0.2929868280526878
rs2303556,2,170597835,ok,803,803,0.033009829700302105,0.40839467999825574,743,0.045354585800742246,0.4306361341144872,0.2065836298932384,0.0462798148807405
rs871961,3,148578518,ok,673,671,0.025336254079129737,0.2811737298473074,508,0.0526097898702664,0.3649421722155144,0.1556939501779359,0.2292630829476681
rs9683311,3,4900338,ok,637,633,0.03392746314820403,0.6861303274060169,523,0.04819181699789321,0.6158859586937697,0.0177935943060497,0.5001779992880029
rs6796163,3,162162227,ok,1121,1121,0.05504273695703276,0.5345974427026494,1014,0.08810961694849614,0.6693087555520495,0.2951957295373665,0.3289426842292631
rs7635281,3,68236533,ok,512,507,0.0397723649761637,0.2181122700621213,453,0.08383232222050724,0.3422719727539736,0.2286476868327401,0.7397650409398363
rs11916112,3,56924711,ok,582,580,0.04508641050741659,0.681439299413949,505,0.04860668224815132,0.8335525952919906,0.6083629893238435,0.1262014951940192
rs6782499,3,108678906,ok,679,679,0.05667221285015644,0.3539310078693958,572,0.12104343016120768,0.5053498207109625,0.0126334519572953,0.6746173015307939
rs11715344,3,186651483,ok,747,744,0.0339221858218806,0.43121603882390075,693,0.04044178669186308,0.5157871197796505,0.651423487544484,0.3228907084371662
rs7618304,3,188630743,ok,377,377,0.029336506454405838,0.35884440277365837,0,,,0.6395017793594305,0.5635457458170168
rs11709621,3,72344601,ok,572,569,0.020414066714786263,0.3191914923368452,443,0.043413962566385356,0.6085038117754435,0.4211743772241992,0.3903524385902456
rs2371159,3,27926830,ok,589,589,0.03826254161272555,0.293845883626744,385,0.07158006288827193,0.29257349855522563,0.4019572953736654,0.1288714845140619
rs4855471,3,68476483,ok,722,719,0.09153191656163562,0.32025008895229307,601,0.12574604729051045,0.5898553269033288,0.3092526690391458,0.2032751868992524
rs17009383,3,21771769,ok,992,992,0.01701643683369882,0.23562452611423973,907,0.03150759776374516,0.3960535912245359,0.2934163701067616,0.1432894268422926
rs13092272,3,15697283,ok,383,383,0.018612162077808463,0.27016642942713065,0,,,0.0585409252669039,0.0517977928088286
rs10510950,3,65972434,ok,607,603,0.03969511670685392,0.4713705269319526,486,0.05477464232693211,0.8491531284485688,0.0033807829181494,0.127625489498042
rs1447731,3,139516790,ok,560,560,0.04221262195944024,0.3441837135512073,460,0.13631523753381833,0.7618069838774093,0.1320284697508896,0.0558917764328942
rs1447899,3,71757417,ok,583,581,0.04586699200583226,0.35662101767275817,431,0.09439260255115646,0.4631790294101337,0.7072953736654805,0.0174439302242791
rs1801725,3,122003757,ok,693,691,0.029009365568137702,0.24851112030023664,589,0.0452824215497161,0.43274915373030937,0.4284697508896797,0.2855108579565682
rs861171,3,130648906,ok,301,295,0.03816709049017738,0.37187518132065356,258,0.06045005279047307,0.4768574586420703,0.2969750889679715,0.1454254182983267
rs17038638,3,39297714,ok,575,553,0.03846788140411806,0.4723895998533425,428,0.02428570368478712,0.8518343139782927,0.1569395017793593,0.0062299750800997
rs9834169,3,27960439,ok,561,561,0.01697587242317295,0.40063721392764606,397,0.021140170647728176,0.7100813180250187,0.1850533807829181,0.1854752580989676
rs1909525,3,25158890,ok,716,704,0.04226051889429526,0.3248861863989619,538,0.1012220049933866,0.5012794938067894,0.4238434163701068,0.0804556781772872
rs7643085,3,170070371,ok,481,334,0.0934405884235028,0.5251694281636133,411,0.07002637190062254,0.6373038079471042,0.2752669039145908,0.1982912068351727
rs2325036,3,85819412,ok,459,458,0.08842908920470031,0.39109281802991,276,0.2773500711331646,0.6207481957961101,0.6473309608540925,0.2171591313634745
rs6791866,3,59408124,ok,937,932,0.04634847178278525,0.42124110760374944,849,0.09620019755492346,0.8511794371975334,0.5302491103202847,0.0450338198647205
rs7622131,3,129808869,ok,808,807,0.05893694713876555,0.25136242518187923,683,0.16069112025805382,0.6808487225105365,0.2032028469750889,0.0961196155215379
rs17282057,3,124446077,ok,840,839,0.023403162915881997,0.3008733900657544,734,0.03173926045771401,0.5034224007407894,0.1074733096085409,0.1224635101459594
rs17699988,3,63752269,ok,387,387,0.0248854345151231,0.24026429236602342,319,0.03636228247907135,0.28166804338560014,0.1658362989323843,0.7030971876112495
rs11717195,3,123082398,ok,355,354,0.08268545005909439,0.301862134205229,302,0.097840861495594,0.46517050547170197,0.0323843416370107,0.8392666429334283
rs2595233,3,158962830,ok,364,364,0.11209494979662249,0.34530694517313393,313,0.16075811289677047,0.5829984797412855,0.3238434163701068,0.5562477750088999
rs4685743,3,4396119,ok,626,624,0.04785881938185221,0.3129154488774704,490,0.04038441438644301,0.5600821904038127,0.2733096085409253,0.0096119615521538
rs3852016,3,168118094,ok,256,253,0.035910301360213996,0.3826673488037,150,0.025246810975498243,0.26236817293151155,0.5229537366548043,0.2566749733001068
rs9290101,3,161586487,ok,694,694,0.060816770008140446,0.34509460071340914,565,0.1456800833410259,0.627191804215786,0.6120996441281139,0.0745817016731933
rs4511910,3,58590284,ok,630,630,0.03685223431788495,0.27318054226037153,373,0.0643527929209675,0.45482738060340766,0.3556939501779359,0.4860270558917764
rs2681691,3,141485479,ok,623,619,0.030485592273588522,0.27063902499536835,534,0.03282610689852724,0.35650029474476297,0.2411921708185053,0.1968672125311498
rs6784502,3,45130158,ok,725,681,0.015313063895891457,0.38842710380256806,647,0.050110962389944703,0.5775772029914243,0.3211743772241992,0.174439302242791
rs276117,3,81482029,ok,370,369,0.058194126067743254,0.2681021020833083,321,0.07109199671047525,0.47032724179907215,0.1889679715302491,0.5320398718405127
rs13095069,3,152337359,ok,592,585,0.06050410268283844,0.3682133917143705,508,0.07172486517588851,0.5807393578551983,0.6051601423487545,0.3180847276610893
rs1447826,3,74718758,ok,588,588,0.04533258498325541,0.31754919217900324,492,0.17392043046828848,0.8475311555764091,0.2839857651245551,0.1775542897828409
rs11713957,3,66756087,ok,843,837,0.03493602447890461,0.3015350634104181,705,0.06791475776462896,0.4645467122778604,0.4055160142348755,0.5037379850480599
rs973538,3,73906871,ok,650,625,0.03491847479621553,0.3463984843039689,591,0.059481646854648546,0.753335943729702,0.2094306049822063,0.0220719117123531
rs6775921,3,172227402,ok,674,674,0.044196284774080045,0.3047794243036534,520,0.06327310668795648,0.8102709527046721,0.1370106761565837,0.4916340334638661
rs12635015,3,112085233,ok,642,637,0.06551648798023238,0.343222911337717,468,0.1138933420749291,0.522943609218903,0.2416370106761566,0.5849056603773586
rs12495383,3,188507780,ok,557,556,0.02467008983307203,0.2417125862147383,320,0.09031800695549183,0.45499302387650714,0.4364768683274022,0.1701673193307226
rs9880072,3,78753358,ok,453,445,0.06709430704636234,0.4695892866886254,415,0.062143722874036626,0.31468952780515186,0.0451957295373665,0.1413314346742613
rs552805,3,189908762,ok,854,803,0.029579588258903472,0.45156253120394607,757,0.040663879616925316,0.24944350728585207,0.2791814946619217,0.3129227483090068
rs9848067,3,59504497,ok,807,804,0.04115665239020059,0.2555148167415856,772,0.07122530205840415,0.5116874257123123,0.1393238434163701,0.2230331078675685
rs2531747,3,45828586,ok,431,431,0.01993446786110691,0.22173141043011702,345,0.04269815511801174,0.6745410292278868,0.400355871886121,0.0388038447846208
rs2625288,3,101545319,ok,422,418,0.03490580751349235,0.35290216289753384,355,0.08212173067816614,0.48878494107582965,0.6170818505338078,0.1812032751868992
rs277637,3,99997042,ok,340,340,0.03666248513259807,0.3528818165038351,297,0.19141689828255154,0.8800481667086226,0.6811387900355872,0.1411534353862584
rs3773127,3,30033043,ok,658,637,0.08540701796041938,0.6245980263449935,563,0.1739897228010741,0.821596042143919,0.8304270462633452,0.0140619437522249
rs1402499,4,28928041,ok,904,903,0.009734747938907036,0.09928585636165885,741,0.007186665117287609,0.09849036320411286,0.343238434163701,0.4209683161267355
rs11721650,4,10692755,ok,755,755,0.029924723762560612,0.346186566913811,625,0.0496002827969689,0.3498606471528289,0.3973309608540925,0.5961196155215379
rs13143182,4,88008401,ok,395,395,0.0687691388139465,0.6607458440701814,0,,,0.446085409252669,0.3179067283730865
rs6815441,4,86730514,ok,609,606,0.04897480227255333,0.3208403288617726,491,0.07734851298650644,0.7709498229607572,0.1496441281138789,0.2244571021715913
rs12649786,4,38957122,ok,803,803,0.01899262710018596,0.5217628812847751,716,0.024402609368281952,0.6636639758663729,0.3368327402135231,0.4394802420790317
rs9990803,4,84310837,ok,383,383,0.03907393809874077,0.6245656908222371,252,0.026371077990732045,0.6481727567264396,0.8683274021352313,0.2890708437166251
rs4543114,4,6746425,ok,637,636,0.023417549360339986,0.17593250937983873,534,0.0326111333474651,0.3985780459545306,0.1188612099644128,0.0096119615521537
rs11734574,4,131123844,ok,574,573,0.049689582191553526,0.4278557053437614,472,0.04920856729101727,0.6676055608980065,0.5834519572953737,0.2543609825560697
rs17609740,4,48494924,ok,354,354,0.05146063421357459,0.3889391082698693,327,0.018685816898114486,0.10113508960544769,0.7078291814946619,0.5647917408330366
rs13102385,4,56345255,ok,620,620,0.07410628823890977,0.34260293845683526,503,0.22861144029162184,0.4621664328778553,0.7946619217081851,0.0840156639373442
rs1459820,4,53306861,ok,399,396,0.08129589837848021,0.33768875411414456,329,0.18151586787876506,0.5386705174565941,0.4241992882562277,0.008187967248131
rs7654663,4,26899046,ok,338,336,0.020933292527701063,0.29163544475036235,257,0.027210544837146633,0.17796164992713354,0.104982206405694,0.0656817372730508
rs17024885,4,96807887,ok,712,712,0.026987875526776225,0.24511012485476208,593,0.04476395769215574,0.7033352335471386,0.0138790035587188,0.2449270202919188
rs10009152,4,2408397,ok,759,755,0.04302631141120917,0.24434946450673517,622,0.06351554700509454,0.7679632593176141,0.2010676156583629,0.4268422926308295
rs12641998,4,38453324,ok,632,632,0.0784065609517498,0.6954648250656605,578,0.11903259249916003,0.7470171229744609,0.1293594306049822,0.5560697757208972
rs12152701,4,109898770,ok,702,696,0.04292663238656501,0.39306837007941137,431,0.0720713207510418,0.7182036382639349,0.4176156583629893,0.0610537557849768
rs6532170,4,76995049,ok,1017,1016,0.019262158887829284,0.42155231289496936,966,0.05665418049864135,0.410453347411513,0.0683274021352313,0.16625133499466
rs10010115,4,99698254,ok,588,583,0.07109898843337256,0.3479765547547337,508,0.12056335399987851,0.6817895607881974,0.3571174377224199,0.1787112851548594
rs6841731,4,89228928,ok,505,475,0.04187443006162415,0.36900353419254034,370,0.07015357004328748,0.8280269521977792,0.6409252669039146,0.3720185119259523
rs1074661,4,162690359,ok,650,627,0.03347275705862103,0.25034391722615085,528,0.05301893227834124,0.6405508506315991,0.1359430604982207,0.2427910288358846
rs10005529,4,136041890,ok,821,819,0.037810884744756454,0.18030849870960794,750,0.05220268264592706,0.24970184578260246,0.1430604982206406,0.0838376646493415
rs2388996,4,115385540,ok,724,718,0.06076035210773573,0.3278377309958174,621,0.0688237790284294,0.3384404943276477,0.0064056939501779,0.316126735493058
rs7701,4,25749303,ok,528,516,0.03172329481196359,0.270063477239473,400,0.04506018816289564,0.40509115923719863,0.1067615658362989,0.3976504093983624
rs6847965,4,1347675,ok,777,775,0.05031445729213234,0.3588869150936494,698,0.08662445935188197,0.38251899064366773,0.192526690391459,0.5925596297614809
rs1603187,4,11537289,ok,887,886,0.02301738947263121,0.3647520423296896,715,0.019293892663666237,0.22761764839502077,0.2852313167259785,0.5911356354574582
rs12108651,4,96136944,ok,473,473,0.034105854286883966,0.25791153090004976,385,0.04940331050041825,0.7232879376255,0.6551601423487545,0.3876824492702029
rs1545089,4,177854130,ok,472,472,0.0675448764036183,0.527397777043648,384,0.1303358739202584,0.6407360820150932,0.1179715302491103,0.2168031327874688
rs1505663,4,62132090,ok,478,477,0.0681067552585113,0.6047545624259552,430,0.06932355534827303,0.692794091151308,0.4725978647686832,0.2999288002847988
rs4862009,4,182748140,ok,642,637,0.02069914557177025,0.29958583762573376,466,0.05216817434417733,0.706064811525785,0.3259786476868328,0.4152723389106443
rs17493881,4,37428698,ok,722,722,0.010695603624895637,0.23021048796637497,0,,,0.5247330960854093,0.3100747597009612
rs2866413,4,103557077,ok,341,341,0.0407921076398881,0.2525198829075602,315,0.13090465674358107,0.37320691508214515,0.1855871886120996,0.3467426130295479
rs11931419,4,80561793,ok,651,651,0.029638746633543406,0.26762673550182364,0,,,0.4822064056939502,0.6678533285866857
rs6826186,4,22234242,ok,523,522,0.05305700283058667,0.4821694710409232,442,0.030385607600305942,0.5669389578418536,0.4291814946619217,0.069063723745105
rs6847801,4,38298269,ok,808,802,0.023702075097906925,0.3084794384244331,674,0.016066757449098815,0.3942944017881532,0.4211743772241992,0.0012459950160199
rs7375984,4,163062608,ok,738,738,0.07147513566610239,0.4024300092220428,687,0.11442329615233861,0.5979605370437256,0.2179715302491104,0.6069775720897117
rs12504644,4,78889803,ok,571,570,0.04301190000742423,0.48990421196272116,355,0.1301531646108264,0.7199378321115065,0.753202846975089,0.5952296190815236
rs16876269,4,24870337,ok,617,616,0.02842416686969563,0.3949923846033103,437,0.060042248836914634,0.6755550846257938,0.1861209964412811,0.1491634033463866
rs10008490,4,21792620,ok,673,672,0.04730441105962382,0.433275689410904,570,0.09689696900487033,0.6319682829466163,0.1638790035587188,0.3515485938056248
rs13116771,4,44152766,ok,410,406,0.04437130241509922,0.46261237411267897,225,0.0893746650547301,0.4600915595480595,0.1941281138790035,0.2292630829476681
rs4834308,4,113808126,ok,450,450,0.022491007053271943,0.5098846092036196,374,0.06307736232340784,0.4236332139439951,0.1318505338078291,0.1642933428266287
rs13115256,4,122126321,ok,582,573,0.03323189896193172,0.5200554888471804,469,0.051237759832091404,0.48858589906025474,0.2462633451957295,0.1507653969384122
rs17081987,4,59030919,ok,604,604,0.04459814160804822,0.26710772268882066,562,0.06676243108189162,0.36444624938890746,0.5782918149466192,0.4501601993592025
rs1874617,4,140468536,ok,506,501,0.02459207255165468,0.39439073620368764,446,0.04130831061591825,0.5294810929540086,0.2980427046263345,0.006941972232111
rs316770,4,25405998,ok,696,689,0.010072720449252733,0.31633757587493216,604,0.01334710339298754,0.14917949131031083,0.7019572953736655,0.439124243503026
rs4691655,4,161344370,ok,755,662,0.013915987652338898,0.2547404925209332,713,0.1733080535398128,0.8986799499450637,0.3491103202846974,0.6240655037379851
rs6840997,4,180319265,ok,871,870,0.019720762872419795,0.35690223386692377,662,0.043932788081781624,0.607139265736687,0.2996441281138789,0.4085083659665361
rs11943188,4,167724519,ok,752,735,0.08271283625626794,0.5617040075462699,604,0.053912232426300596,0.780160718900269,0.1137010676156583,0.4980420078319686
rs7676645,4,94413681,ok,498,498,0.033782058260214805,0.25141400385279156,379,0.06614332666380893,0.3107318971630354,0.0987544483985765,0.551441794232823
rs430658,4,86263479,ok,703,703,0.04065428781746151,0.24650780548912016,628,0.057899062396111846,0.5548397318877102,0.2327402135231316,0.2360270558917764
rs7659892,4,46688810,ok,327,325,0.026596529447088475,0.2887744646280736,295,0.04089605793869895,0.21093317002406514,0.0133451957295372,0.1824492702029191
rs7919142,10,112668253,ok,395,391,0.06703898882530149,0.6084553904956007,308,0.051414473849088586,0.4575089133831502,0.0055160142348754,0.5865076539693842
rs17112219,10,101514219,ok,331,331,0.02890672293556821,0.1606033714874941,0,,,0.4631672597864769,0.7445710217159132
rs12769257,10,21736100,ok,295,289,0.06030545093927516,0.2711082205048844,229,0.22829884068168319,0.8920777780539867,0.2112099644128113,0.2682449270202919
rs2782980,10,115781527,ok,500,500,0.07961646851069426,0.36404800855448993,435,0.19923145862882702,0.77317386501866,0.4822064056939502,0.1730153079387683
rs117764423,10,114748940,ok,336,336,0.013437865974705981,0.23071479438147136,0,,,0.0236654804270461,0.7668209327162692
rs11014652,10,25936301,ok,858,856,0.03537375280960651,0.4027533644321467,657,0.0688577577956958,0.7725484307899427,0.2149466192170818,0.2633499466002135
rs10510115,10,124544336,ok,454,450,0.021007244656268367,0.7006719114825142,347,0.01953133481344351,0.6171348550268716,0.2861209964412812,0.6185475258098967
rs1253393,10,99009969,ok,580,579,0.19048717818064387,0.6443036078508704,432,0.18445157454243702,0.7520929880844369,0.193238434163701,0.4544321822712708
rs6602217,10,6946263,ok,1051,1051,0.017503702650495702,0.4534206216970852,0,,,0.1476868327402135,0.0898896404414382
rs359069,10,132150299,ok,979,977,0.027956338495129532,0.39915967994367885,860,0.04664808168067273,0.4777747532251389,0.1309608540925267,0.1797792808828764
rs11016170,10,130117120,ok,738,735,0.018545845274144802,0.2389986336826304,507,0.01564725236049844,0.16500739247241147,0.2373665480427046,0.656995372018512
rs10884019,10,83757021,ok,604,601,0.028346991285892402,0.24062796090540295,489,0.044557899324228274,0.6229105172846223,0.4441281138790036,0.4951940192239231
rs11190057,10,101093036,ok,445,441,0.08460716809163288,0.32637151593798575,389,0.10824065186401619,0.4319269062848451,0.2768683274021352,0.155749377002492
rs11201668,10,87293358,ok,650,627,0.01793629155239137,0.5126966301610377,475,0.03116823925931465,0.5888711424516451,0.2382562277580071,0.3572445710217159
rs4933391,10,88121994,ok,597,596,0.03279799092909138,0.4462986389044977,446,0.09096951008943123,0.2900064685350408,0.1254448398576513,0.1016375934496262
rs2394471,10,70236203,ok,510,509,0.05906678292894229,0.8379322234683882,460,0.03825450562744678,0.3631282668905666,0.3074733096085409,0.3997864008543966
rs2296599,10,13752381,ok,718,714,0.019056492407456896,0.5387602639862334,593,0.014422366881133701,0.4149370576699486,0.19644128113879,0.1432894268422926
rs10749375,10,122181385,ok,480,480,0.03606149200982742,0.7887987110247514,395,0.04260085399641683,0.4558273017870324,0.3467971530249111,0.2682449270202919
rs7914810,10,89336834,ok,464,463,0.04103212276781747,0.21900323817042686,433,0.0887282070525753,0.4236521368714891,0.2795373665480427,0.2518689925240299
rs2454993,10,57893350,ok,680,679,0.13344886983783727,0.46290850555888857,634,0.22801785395238355,0.5971307863643329,0.7677935943060499,0.8157707369170523
rs2386841,10,6057732,ok,804,741,0.018270961753153386,0.24341495946755176,630,0.044837211902443976,0.5375920462485126,0.4279359430604983,0.851370594517622
rs11255711,10,8511462,ok,853,853,0.040107821880554104,0.45438508382685583,679,0.054519791166883075,0.7115954206787547,0.3498220640569395,0.4544321822712709
rs11258252,10,13255201,ok,777,774,0.021811729633431143,0.20654578114367972,651,0.030150524762964207,0.4130616729236207,0.6637010676156584,0.7700249199003204
rs10824049,10,75740271,ok,354,351,0.03308582490120355,0.6937275620011717,295,0.04862226189431748,0.4545500527866835,0.2644128113879003,0.6367034531861873
rs10736877,10,128373707,ok,595,594,0.017742644779780548,0.23173149226881684,520,0.02327768394598372,0.35987556342372207,0.3864768683274021,0.0161979352082591
rs2505639,10,35474421,ok,428,426,0.08104909278708773,0.35452873992474326,405,0.1627963068382673,0.3861357441195943,0.3229537366548042,0.0662157351370594
rs2675662,10,75599127,ok,260,257,0.13468439144689492,0.3240825424259671,229,0.18187917526377487,0.4415949741957424,0.0129893238434164,0.2737629049483802
rs2804118,10,6958808,ok,969,965,0.02783163631545912,0.47323638661671596,685,0.030943023391272584,0.7317822222281155,0.2379003558718861,0.4054823780704877
rs9651513,10,3949166,ok,722,721,0.0316245335208223,0.21575457575708656,617,0.04516768230540366,0.543568125289011,0.1729537366548043,0.7725169099323603
rs12250486,10,29889620,ok,761,760,0.009327864303645912,0.760894757082217,635,0.012387684339436699,0.19972253320919203,0.1469750889679715,0.0533997864008543
rs17506027,10,8995460,ok,661,659,0.028263488325409546,0.5695488271816682,581,0.03859198713548627,0.7781925350545099,0.3117437722419929,0.843004627981488
rs703404,10,119406434,ok,579,573,0.032193845693283436,0.3085873312685206,441,0.08031145005121941,0.5570076816853298,0.0606761565836299,0.2150231399074403
rs12775296,10,20108228,ok,508,505,0.035604975957668754,0.22580125873500786,383,0.06371138564780914,0.5058043350910675,0.3537366548042704,0.2629049483802064
rs7094380,10,11723257,ok,629,622,0.024684420156332158,0.21708076734608034,482,0.04235021966282605,0.484594233444881,0.1302491103202847,0.1456034175863296
rs12267364,10,134554926,ok,598,595,0.007590620490141643,0.39478092708537976,379,0.019854748589483755,0.7001437243143369,0.1816725978647687,0.3047347810608757
rs7094359,10,92304910,ok,497,496,0.10676757483949019,0.3388944020710094,299,0.13092291611218276,0.7368892886272003,0.6994661921708185,0.6504093983624066
rs702988,10,26814452,ok,613,611,0.015520863498265508,0.2602989526820946,540,0.026320890895995215,0.484363328884175,0.0419928825622775,0.0824136703453186
rs11009900,10,35020638,ok,456,456,0.1071847423526033,0.6249742226088408,412,0.10372082377944493,0.28693525553302435,0.1395017793594306,0.0870416518333926
rs4919234,10,100286047,ok,671,669,0.07459710963491557,0.41599234452875156,512,0.05183967428903008,0.5243101616372232,0.0887900355871885,0.0592737629049483
rs11597303,10,132373205,ok,924,923,0.021515368257255817,0.2195992453483693,700,0.03177136927305669,0.4122615264207817,0.5679715302491103,0.5927376290494838
rs10795621,10,8443306,ok,785,783,0.009687684530025047,0.29705740355919036,597,0.015260873343337755,0.366327165845277,0.3592526690391459,0.5970096119615522
rs7895839,10,53411242,ok,538,538,0.05141698609352003,0.37054627840786714,459,0.06887751589792471,0.5042618089410084,0.1236654804270462,0.2142221431114275
rs7912057,10,43075651,ok,536,536,0.2877824770094153,0.744931408415128,510,0.28970443554497943,0.8245457564756007,0.0880782918149466,0.0137059451762193
rs4506560,10,2387307,ok,998,961,0.037886602201342594,0.4472968384084679,736,0.07940216487790082,0.6817706333326268,0.0768683274021352,0.2597009611961552
rs11204276,10,48579915,ok,442,442,0.011057956933985808,0.4067161770796287,0,,,0.49644128113879,0.19437522249911
rs2862954,10,101912064,ok,465,462,0.07007931436579837,0.39581301134584473,415,0.11460945788732849,0.627999378151296,0.3076512455516014,0.0176219295122819
rs3898610,10,1484759,ok,909,909,0.028476341740372533,0.5772771762649124,727,0.03292410165769428,0.32684484770524924,0.3610320284697509,0.1101815592737628
rs11254900,10,6993426,ok,892,889,0.02423941022229377,0.2932382247621847,591,0.029388586055984867,0.23484450727661538,0.1201067615658363,0.0674617301530793
rs1276709,10,17038138,ok,828,813,0.04044902513719805,0.36942162051497623,707,0.10220666888497267,0.5749871681474281,0.5604982206405693,0.3358846564613742
rs12357982,10,122980744,ok,548,545,0.02938154761943437,0.4455112268421709,525,0.03533318635668995,0.5562043884066922,0.1434163701067616,0.2103951584193663
rs10895016,11,100670925,ok,681,681,0.013319958671154264,0.24698203192354973,0,,,0.1165480427046263,0.5461018155927376
rs4130016,11,133398116,ok,616,613,0.07486991603347956,0.4488896213527273,568,0.07543780617121615,0.6210975096439353,0.0081850533807829,0.5820576717693129
rs7120173,11,116829653,ok,655,655,0.030547677769234047,0.30442605501968933,0,,,0.4704626334519573,0.1210395158419366
rs10793139,11,75865197,ok,476,473,0.06979356636572873,0.5558814146640546,390,0.11790061945636982,0.7961358942606754,0.4669039145907473,0.0352438590245639
rs10500666,11,6327534,ok,515,515,0.013783665180446806,0.22842105632243337,354,0.014650166653158317,0.33329170596655044,0.4375444839857652,0.6420434318262728
rs532636,11,122048571,ok,407,407,0.03508128794154262,0.2314249570874385,318,0.08769573171433048,0.6919410378993409,0.0916370106761566,0.7759878960484158
rs10766437,11,2893412,ok,563,552,0.01792712824430972,0.21003456875525295,449,0.03630522692951666,0.6264738188258008,0.14644128113879,0.0817016731933072
rs930722,11,88101049,ok,621,620,0.050729904730741494,0.4678243144735674,465,0.05914134658091163,0.20374194478230578,0.0784697508896797,0.3762904948380207
rs10466659,11,58190112,ok,480,479,0.14125337260292023,0.41226849998455617,455,0.1991303210205635,0.5288951976986621,0.5300711743772242,0.3994304022783909
rs17494675,11,18626834,ok,545,485,0.0525948303057534,0.7262439654867001,504,0.03165665880419493,0.18285215189011095,0.498576512455516,0.0653257386970452
rs7129794,11,36379532,ok,770,769,0.02271723949269732,0.28853595957845135,647,0.0350637678915598,0.5736296585358784,0.4800711743772242,0.8677465290138839
rs3911927,11,126596746,ok,559,558,0.03813900526237408,0.4431492308916931,310,0.04450068865908009,0.4345071354073011,0.1750889679715301,0.1886792452830188
rs10765201,11,88971704,ok,506,501,0.11386984543871088,0.5308827660300955,459,0.07599211885709112,0.4392988164916268,0.3001779359430605,0.3294766820932716
rs4356206,11,13481096,ok,488,487,0.02786788922891021,0.512838215490456,443,0.08580860090914637,0.5026347869240197,0.4190391459074733,0.5355998576005696
rs7930872,11,22346380,ok,436,429,0.028149786488668414,0.5976374809770566,374,0.048632380159104975,0.8766126048954346,0.0859430604982206,0.4551441794232823
rs11823172,11,772982,ok,518,517,0.06046624704321772,0.45520209232661224,452,0.08385780585321419,0.7909231987318753,0.0334519572953736,0.2849768600925595
rs2860278,11,18192239,ok,763,761,0.03391237496436414,0.3140268600340861,705,0.05589369140028725,0.6458306055264322,0.3850533807829181,0.1137415450338198
rs11231903,11,64697507,ok,382,377,0.03950169662677956,0.2332403009294286,208,0.07289885836359955,0.29396711908108564,0.6323843416370107,0.051441794232823
rs76990966,11,17401189,ok,519,519,0.016108806689609973,0.3917856787190417,400,0.019365013519630082,0.371056582150447,0.5259786476868328,0.3654325382698469
rs2165801,11,19975906,ok,647,646,0.024268195545460763,0.322335656049765,560,0.029718819358937294,0.2742016718144643,0.1457295373665481,0.3244927020291919
rs7944972,11,132651586,ok,658,657,0.05291819418583001,0.4146166589017105,400,0.11195466953519435,0.6126770247468802,0.1834519572953736,0.2087931648273406
rs10768983,11,43839935,ok,484,479,0.03136097653587888,0.5237163553937914,383,0.10098624847970676,0.606224620285731,0.4163701067615658,0.0713777144891419
rs12801239,11,126323328,ok,621,621,0.026255797756122495,0.3329528017782667,515,0.044390477777366225,0.5150043194351406,0.1793594306049822,0.1541473834104663
rs2884017,11,7999184,ok,736,736,0.05231257130606168,0.34348297500632674,565,0.06489823840254841,0.46197673650815496,0.5758007117437722,0.268066927732289
rs1502282,11,100503707,ok,796,795,0.047157934445088256,0.20583116053836742,624,0.12954668391661925,0.5902060275157083,0.1274021352313167,0.1466714133143467
rs11602685,11,12216187,ok,718,713,0.027814085609215385,0.7517980360971721,645,0.03954245659412827,0.8735282493211388,0.1218861209964412,0.3819864720541118
rs10832756,11,17314345,ok,420,419,0.0894766970757102,0.7575169296050834,334,0.23503407143985122,0.7266652509719765,0.0741992882562277,0.0053399786400855
rs10836419,11,35580703,ok,597,597,0.02907547428362342,0.3631541933582154,542,0.05604402252844839,0.5948375804766546,0.2699288256227757,0.3535065859736561
rs4754152,11,106098828,ok,464,464,0.09495254330701287,0.5787550499631087,440,0.1762024101288427,0.6805515191829566,0.1487544483985765,0.3631185475258099
rs2155645,11,112912947,ok,621,594,0.14910236916767364,0.4716966881992307,595,0.15619275005633732,0.37627522277147185,0.6101423487544484,0.2570309718761125
rs2511499,11,131081952,ok,665,661,0.016566766634982664,0.2546286875439464,614,0.02710451253028134,0.7598925718252162,0.4774021352313167,0.3399786400854396
rs590121,11,75274150,ok,472,463,0.047538022855729646,0.40962807766091697,400,0.06526878983622084,0.44545712881266447,0.1172597864768683,0.4366322534709861
rs1790707,11,82332098,ok,841,840,0.016561831818805106,0.26189606986078684,612,0.07776274369422295,0.5577412964819214,0.5955516014234875,0.7817728729085084
rs10737153,11,69281829,ok,570,518,0.029123237229589444,0.19729048218641887,493,0.05511803684791711,0.5575283731280156,0.5788256227758007,0.2321110715557137
rs582037,11,126217870,ok,507,506,0.04353012175179507,0.1684762719232757,430,0.06085957691023971,0.2716286445790066,0.031850533807829,0.0309718761124956
rs479315,11,66064991,ok,290,286,0.061177707850767746,0.22525292288775636,251,0.07494911520615825,0.38255304829998904,0.4788256227758006,0.1737273050907797
rs17139339,11,130191879,ok,280,259,0.004715292076380434,0.057090731041838656,216,0.02676103061213234,0.35470607331921855,0.1774021352313167,0.7580989676041296
rs4757888,11,20101524,ok,709,692,0.020841435178065415,0.26750320253896176,594,0.027342474876190966,0.4915016662605615,0.1750889679715302,0.1621573513705944
rs10767634,11,27332474,ok,502,500,0.06824731646834772,0.31598306055316816,377,0.18691851865186543,0.6829672466099747,0.6177935943060497,0.2334460662157351
rs1383349,11,36938773,ok,449,446,0.07689630715954288,0.5444877059709669,376,0.05396191923609568,0.38101022838493015,0.7603202846975089,0.4079743681025276
rs3751120,11,63884453,ok,404,398,0.08484732122335718,0.7436088007661443,335,0.12490723633319402,0.6198473204591699,0.1241992882562277,0.0343538625845496
rs11213819,11,111158189,ok,610,604,0.0291443305756759,0.2877613134248203,501,0.030813027018530614,0.3867022672521653,0.4115658362989324,0.3609825560697757
rs649392,11,69464793,ok,520,517,0.034725439476249786,0.33775637208640197,433,0.051092280538650996,0.4433317082384928,0.3660142348754448,0.0131719473122107
rs6591492,11,58571321,ok,739,739,0.03941818992998535,0.3044953810311525,697,0.05133161809702971,0.572334285449175,0.0448398576512455,0.0117479530081879
rs10768140,11,35510907,ok,654,651,0.017091093399214115,0.1863843542798551,585,0.03556125158011468,0.5356058541671977,0.0434163701067615,0.2630829476682093
rs4387380,11,5867447,ok,1152,1152,0.026867632912582026,0.3428495354852474,0,,,0.8854092526690391,0.1390174439302242
rs7933427,11,128725977,ok,704,704,0.022361762597885068,0.32324961021225374,0,,,0.4405693950177936,0.4482022071911712
rs7108135,11,8402917,ok,757,725,0.025210090594675938,0.23919834155115688,571,0.04416374025805608,0.732993535657852,0.2137010676156583,0.0852616589533641
rs1221835,11,29947642,ok,323,316,0.028886360055930482,0.21151590177964485,228,0.1583535134193355,0.35623774701095956,0.3633451957295374,0.455500177999288
rs174868,11,61371283,ok,298,285,0.05578539367933469,0.3804916354851246,190,0.027273805164933027,0.5576901680106306,0.1734875444839857,0.1192595229619081
rs7302917,12,94205206,ok,500,500,0.015638060797929842,0.34301611659981934,402,0.02209370388191926,0.34028829022748636,0.0357651245551601,0.2654859380562477
rs9783424,12,80188841,ok,272,269,0.11797028252957334,0.655816487347003,232,0.19148662314134363,0.48314884476038167,0.655693950177936,0.9140263438946244
rs7488450,12,46821038,ok,339,339,0.1350519051562544,0.4119293160165639,307,0.2777370959852247,0.7441541084421814,0.0297153024911032,0.0715557137771449
rs10784733,12,69285094,ok,503,502,0.023990489664366153,0.8024525120988704,418,0.02948819707647825,0.3505016794262551,0.3491103202846974,0.3154147383410466
rs2264364,12,55339100,ok,787,784,0.056184718782841314,0.3084969120005411,660,0.05822347460446032,0.7166075425294272,0.5338078291814947,0.6815592737629049
rs17499109,12,120541570,ok,256,256,0.020104570864499398,0.2848334867029959,178,0.025466936690147574,0.17850100795886945,0.3156583629893238,0.7200071199715201
rs4496164,12,11586758,ok,644,637,0.06228996228089578,0.6147271883899741,587,0.03276945298628289,0.576766187883707,0.2492882562277579,0.3337486650053399
rs10880255,12,42539761,ok,365,365,0.03870168137967298,0.4196696420303944,331,0.04800629187808758,0.585782773588613,0.2137010676156583,0.3777144891420434
rs2408141,12,45503563,ok,343,336,0.15392801143293977,0.5399094827401524,280,0.2488005983296099,0.860481544589915,0.6798932384341637,0.1354574581701673
rs11837579,12,69513996,ok,735,735,0.024900759470532576,0.21891648383178355,578,0.04255408563556708,0.6796095546201086,0.5177935943060498,0.036311854752581
rs1520771,12,119104169,ok,553,553,0.0758218236424675,0.42739248081597336,459,0.05549591945762481,0.5403077206537217,0.0733096085409252,0.3043787824848701
rs12320513,12,47533602,ok,583,581,0.020786967695628343,0.4196507607258442,523,0.05710337078545579,0.5480838231369983,0.2071174377224199,0.098255606977572
rs12172778,12,25022246,ok,783,780,0.016375692479416056,0.3233031761294745,602,0.023374281995589972,0.4795230068004399,0.0816725978647686,0.3077607689569241
rs838884,12,125262104,ok,681,678,0.01068258101044778,0.3303565073278498,596,0.022832039151324507,0.8363544810873276,0.2407473309608541,0.420434318262727
rs11063608,12,5411190,ok,469,469,0.024639370402221868,0.31823874881614395,378,0.032808631505751085,0.5768278885092877,0.3677935943060498,0.1868992524029903
rs11051089,12,30946460,ok,677,677,0.029404658297144493,0.19210111220471215,590,0.10757497239026843,0.531597537124529,0.7359430604982207,0.4104663581345674
rs9300166,12,25536494,ok,733,733,0.018927155021492344,0.665368189820401,623,0.023335038753959435,0.4784333232680114,0.0183274021352313,0.2258810964756141
rs11111244,12,102734437,ok,254,253,0.13187220530170643,0.466830748611326,209,0.24836032067121644,0.9096523524806441,0.2081850533807828,0.4530081879672482
rs4764412,12,18802265,ok,600,599,0.0319830691170125,0.41293099712086184,370,0.06317662844699187,0.6441023921679776,0.3252669039145907,0.367568529725881
rs10772890,12,16197432,ok,449,448,0.05484617211299749,0.3800465261354688,373,0.11248720655397608,0.5339400410282705,0.0679715302491103,0.2678889284442862
rs12831144,12,67352297,ok,511,510,0.03773609001021621,0.220352653938431,453,0.10939972969326126,0.4987850557207676,0.6540925266903914,0.389818440726237
rs11068734,12,118346763,ok,580,579,0.022855036976195852,0.22563108893906203,484,0.03570988796939464,0.4029334045000367,0.2357651245551601,0.0946956212175151
rs11063069,12,4374373,ok,506,506,0.01578663480562563,0.12323361861378851,468,0.024636889069687452,0.32845834770272186,0.6209964412811387,0.3830544677821289
rs1652138,12,30450663,ok,1256,1255,0.0834392828343484,0.30735748902078963,1035,0.12379228000171089,0.800365694790582,0.3556939501779359,0.032751868992524
rs9652059,12,132381920,ok,531,524,0.071726398927439,0.31188979624212965,398,0.09548365842739986,0.4543364091390384,0.0293594306049822,0.2967248131007476
rs867683,12,33375357,ok,823,821,0.09370035504084769,0.3226749511446783,717,0.1548208254734746,0.6080322697160174,0.7966192170818505,0.0612317550729796
rs11057405,12,122781897,ok,333,333,0.028898180311908658,0.10473299590093155,0,,,0.2733096085409253,0.4574581701673194
rs11110880,12,101993940,ok,764,764,0.055424279699622866,0.6344868786869842,602,0.06313979102885038,0.8276474713864586,0.0030249110320285,0.3714845140619438
rs2159586,12,42280497,ok,550,550,0.09001222482921924,0.3851010162799418,469,0.19351734819688873,0.7325698567709749,0.7560498220640569,0.7392310430758278
rs10732594,12,2671017,ok,459,459,0.05207103950473419,0.45188646167075464,386,0.11034407468084907,0.6626519646970784,0.0181494661921708,0.3946244215023139
rs11833097,12,76334607,ok,637,622,0.04803299326842056,0.43709242797734443,535,0.052666762377947464,0.6580993035065098,0.3290035587188612,0.8519045923816305
rs1042725,12,66358347,ok,316,312,0.055521089751577574,0.3547949145963568,249,0.13247826995291767,0.5561366547527511,0.9126334519572954,0.0081879672481309
rs11611943,12,54568590,ok,373,372,0.05625347445203404,0.43096029121147006,303,0.06964568777571425,0.43876987768548087,0.2991103202846975,0.3131007475970095
rs7316251,12,6870549,ok,483,480,0.03358231374725935,0.5270726508779839,400,0.03328612770513039,0.35067330867983587,0.4104982206405694,0.2402990388038448
rs10778213,12,103495151,ok,522,519,0.046872717303808285,0.24567623491857907,305,0.08516924824737025,0.35440419472694806,0.1704626334519572,0.4569241723033108
rs1587110,12,77273210,ok,382,366,0.06699838061145695,0.4124767725549477,337,0.1449314803804142,0.5318488685776928,0.3951957295373666,0.3602705589177644
rs2277369,12,54110197,ok,455,452,0.02706062456567882,0.2676304000216525,402,0.028335706913144583,0.46896623659834275,0.1064056939501779,0.1815592737629049
rs17101712,12,66166746,ok,461,461,0.034647171861000775,0.22721336458739436,0,,,0.19288256227758,0.1945532217871128
rs12318066,12,93695565,ok,611,597,0.019103592851182558,0.18351942315739275,458,0.040750856583202426,0.5287250339353848,0.0857651245551601,0.0945176219295123
rs4545653,12,106618060,ok,540,463,0.04126588629641525,0.39036989196294763,432,0.051839292276203444,0.7392656884451603,0.1316725978647686,0.0293698825204699
rs12312964,12,77414520,ok,603,574,0.022984003989797767,0.27111594670547046,479,0.030194212895099652,0.48875898357767256,0.3361209964412811,0.3168387326450694
rs10785176,12,75593241,ok,406,402,0.022075443703418216,0.37679103848127954,297,0.04753197889816909,0.46223917419135546,0.1434163701067616,0.6573513705945175
rs10506164,12,40857620,ok,1027,1026,0.026421309490225513,0.19942250111108561,905,0.02498900753140247,0.22278781922749993,0.5688612099644128,0.3417586329654681
rs11610238,12,14975721,ok,534,533,0.051423182664056426,0.22967299167178884,498,0.07236966946695961,0.351014702241061,0.4681494661921708,0.19437522249911
rs12424591,12,121108145,ok,614,613,0.028971482234576126,0.5642975445047889,383,0.06554434941558929,0.9344403010137214,0.258540925266904,0.7018511925952297
rs7973103,12,124424636,ok,377,376,0.026407276819748672,0.22848824136211635,241,0.060066977787698955,0.2371046849350461,0.4532028469750889,0.1060875756496974
rs10850905,12,118256853,ok,717,716,0.024137964385182065,0.4324461152154265,620,0.021122095341156118,0.34972073205666676,0.4804270462633452,0.0053399786400855
rs9805130,12,121715395,ok,546,545,0.03512787425635158,0.22994879690895237,437,0.04758078939878706,0.7077834355416738,0.2144128113879003,0.3248487006051975
rs11115176,12,82465797,ok,751,746,0.04518104950720959,0.5265563499615246,665,0.07309797721712141,0.823227308551372,0.6521352313167259,0.0758276966892132
rs2040674,12,47496338,ok,607,606,0.03756759690029384,0.420736638523185,542,0.04190281084514798,0.28520573317655584,0.0085409252669039,0.3244927020291919
rs6367,16,19299361,ok,715,715,0.03454514590199671,0.3537243411623354,653,0.062376997128271425,0.4730235087456892,0.6320284697508897,0.7673549305802777
rs1820249,16,72039446,ok,585,585,0.03738675281078136,0.5122159835279059,0,,,0.2156583629893238,0.2694909220363119
rs151699,16,18067234,ok,482,480,0.009131373857168494,0.6149124250971162,419,0.014551551912057252,0.18788878445522958,0.3685053380782918,0.2029191883232466
rs2345440,16,78210154,ok,864,864,0.02733905080726486,0.423893618592423,759,0.03125283973303803,0.34360249638559603,0.1405693950177935,0.5418298326806692
rs916768,16,19243487,ok,556,556,0.008028476741286312,0.08063388582998954,433,0.006538954996655453,0.1139112721067638,0.5001779359430605,0.0687077251690992
rs9937405,16,51330460,ok,586,564,0.042929465690418826,0.5193897669191156,443,0.0718347474390376,0.887460478738296,0.0012455516014234,0.1317194731221075
rs1978480,16,1026398,ok,1092,1088,0.06147146086594148,0.4766093948465776,856,0.09687486743324975,0.534867411298688,0.3837188612099644,0.4757920968316127
rs16972827,16,23710663,ok,582,581,0.047371868365029254,0.35767739284388345,409,0.1395256375905983,0.7994006570087799,0.0016014234875444,0.0236739053043787
rs8049566,16,1602594,ok,703,698,0.02918437535169712,0.294465488824177,588,0.04501025958365966,0.4143845973789249,0.2695729537366548,0.3549305802776789
rs4780835,16,19985288,ok,538,513,0.04910245913685418,0.8257666934755608,404,0.07433804691400966,0.849936145580071,0.1170818505338078,0.5907796368814525
rs4785187,16,49766772,ok,493,491,0.03157199555244105,0.2730787124808854,469,0.03531429496292792,0.2251144240811815,0.6951957295373665,0.182627269490922
rs79590005,16,19771973,ok,379,377,0.04268119137660811,0.6748629444837525,316,0.007036872447233844,0.16610093459367686,0.2405693950177936,0.4316482734069063
rs17765606,16,65983447,ok,720,713,0.02761132356219845,0.4594521342694317,649,0.07556708279259325,0.7187895260012782,0.2781138790035586,0.5323958704165184
rs12447199,16,84781127,ok,850,850,0.05797604663343634,0.41175194948600796,748,0.1068491081591321,0.6716376495223001,0.7208185053380783,0.5578497686009256
rs12598598,16,72509460,ok,288,287,0.11384796843021323,0.38005477994144327,256,0.23732829963411384,0.5681103106591039,0.7302491103202846,0.3262726949092204
rs3794671,16,87745998,ok,940,938,0.03614830585883017,0.46061820726828423,855,0.048683644007860155,0.5667151556119385,0.3380782918149465,0.481310074759701
rs6498368,16,13050541,ok,0,0,,,0,,,0.6802491103202846,0.3312566749733001
rs11648589,16,23295974,ok,565,561,0.023504586121996685,0.330166076391437,496,0.05027762002689524,0.43325788242657526,0.095017793594306,0.1411534353862584
rs580912,16,57920768,ok,651,649,0.014540054066000561,0.2372315283628122,525,0.02307135920420757,0.7004541887828998,0.3914590747330961,0.3001067995728017
rs179609,16,13818107,ok,871,870,0.021207266186800352,0.2741917495037079,641,0.03663419396533558,0.5431346931018992,0.000711743772242,0.5325738697045213
rs3747579,16,4445327,ok,343,342,0.08729289568805161,0.3140152279514131,255,0.0849364796821833,0.47880069641839196,0.0825622775800711,0.1690993236027056
rs6500035,16,59433491,ok,369,369,0.15128410171421786,0.5964199741415601,341,0.17248672609737997,0.6488824108649722,0.496797153024911,0.2006051975792097
rs9924288,16,86484466,ok,1161,1129,0.008809931735600485,0.3004078883923226,986,0.012263429557272314,0.6916743471324895,0.2250889679715302,0.2912068351726593
rs4238685,16,88775220,ok,829,823,0.04259180041838186,0.5955103546000359,621,0.0541200677038814,0.7888745267935015,0.044661921708185,0.4715201139195443
rs889555,16,31122571,ok,210,206,0.16829631991764335,0.34865301390670017,145,0.39770219324046857,0.7848687646331097,0.0327402135231316,0.4983980064079743
rs12597362,16,13753349,ok,868,866,0.03154619216859308,0.23680459629138786,634,0.04706071880949191,0.7463390658254695,0.1596085409252668,0.3914204343182627
rs3909222,16,51162605,ok,430,429,0.02078259402769809,0.17409029547308386,278,0.03676470950119989,0.22852965527156574,0.441459074733096,0.4263082947668209
rs9934842,16,63781631,ok,471,471,0.047498691572255496,0.22700680130493026,438,0.08391957600784135,0.44017951617789264,0.4749110320284697,0.4154503381986472
rs2689271,16,54088234,ok,582,582,0.034657992264132596,0.21851260278588042,529,0.08950147231958529,0.6254572334381867,0.193950177935943,0.6566393734425062
rs198143,16,24200584,ok,517,514,0.019718297546013452,0.45129803246513134,428,0.011217472182079746,0.259514477416061,0.5195729537366548,0.0437878248487005
rs4255791,16,28274804,ok,271,267,0.023306967473957982,0.5137168122799011,242,0.032308318145299816,0.5179531497119267,0.0608540925266903,0.1454254182983267
rs1345868,16,71669624,ok,376,376,0.11792145421482596,0.4874534784895933,254,0.14652679083992742,0.6935794815741377,0.7409252669039146,0.8367746529013884
rs9936386,16,82564247,ok,944,944,0.034489631792174805,0.2650723012960245,712,0.061757221666187606,0.35200546033968577,0.1437722419928825,0.2532929868280527
rs3794650,16,56940513,ok,628,626,0.04725084752214528,0.5898524777704853,559,0.08673330157491695,0.7042222904620352,0.2174377224199288,0.4572801708793165
rs731119,16,56398371,ok,440,437,0.02822945982266266,0.2600927464009569,399,0.041005078138379066,0.43187606262265277,0.0268683274021351,0.3684585261658953
rs1345901,16,79728049,ok,850,850,0.05287278022731121,0.6326992746096919,737,0.09033077053067926,0.7185492303572484,0.2314946619217082,0.4056603773584906
rs8060963,16,73425760,ok,674,672,0.04346009104614429,0.5904505059793326,581,0.05279447758194328,0.6160741474081965,0.4229537366548042,0.1892132431470274
rs2731759,16,58293077,ok,698,694,0.04654569009460822,0.4238392150401047,646,0.050738552170044485,0.9539332319505629,0.0037366548042704,0.1945532217871128
rs8044442,16,75402361,ok,845,845,0.04045014482598101,0.6160982785067091,0,,,0.349288256227758,0.2299750800996796
rs16960938,16,83626088,ok,863,861,0.020581515690054283,0.23263953800637222,685,0.0305885059572284,0.3533267027565526,0.4562277580071174,0.2821288714845141
rs8050326,16,86104142,ok,1027,1024,0.01713882113855976,0.18853943105824,818,0.024265306680884335,0.4156658469273456,0.6051601423487545,0.5272338910644356
rs1833205,16,53395441,ok,457,456,0.040107327977596155,0.37337226364158477,402,0.046259342774722684,0.717655374233037,0.2370106761565836,0.0032039871840512
rs1035572,16,81367271,ok,829,827,0.04546401764310881,0.28507179770475055,689,0.09126989582992136,0.5119448584668982,0.4096085409252669,0.6084015663937345
rs8059610,16,7308897,ok,1285,1284,0.04416412050225809,0.35682369126442254,981,0.10233405223525867,0.6943643272572059,0.2403914590747331,0.0935386258454966
rs1392492,16,59779094,ok,687,687,0.08356108449425116,0.3424417487577295,616,0.18122016098415974,0.7510554807799829,0.03932384341637,0.6561053755784977
rs12931823,16,63391403,ok,402,399,0.04596649356820721,0.38851199475481846,364,0.03277764749445034,0.5415885041595345,0.5555160142348754,0.4508721965112139
rs13338835,16,28325940,ok,255,252,0.02771752793892842,0.2269215965211545,226,0.059131958446551953,0.4791998506281808,0.3656583629893238,0.0546457814168743
rs6540170,16,88127685,ok,873,866,0.038633129095508076,0.2275496832506454,763,0.04950281001698247,0.3142145491275652,0.4891459074733096,0.115877536489854
rs11645816,16,9772106,ok,866,864,0.03247660131470657,0.2770847308367196,709,0.04952711834599871,0.42941356455924784,0.0711743772241992,0.8426486294054824
rs2194337,16,3205335,ok,563,561,0.06196123069150107,0.38927925605452185,480,0.08205730295100148,0.5020536549048082,0.51067615658363,0.5710217159131363
